name;id
Live horses, other than for pure-bred breeding;UNCTAD-SoP1_Raw materials_010119
Live asses mules and hinnies;UNCTAD-SoP1_Raw materials_010120
Live bovine animals, other than pure-bred breed;UNCTAD-SoP1_Raw materials_010290
Live swine weighing <50kg (excl. pure-bred bree;UNCTAD-SoP1_Raw materials_010391
Live swine weighing >=50kg (excl. pure-bred bre;UNCTAD-SoP1_Raw materials_010392
Live sheep;UNCTAD-SoP1_Raw materials_010410
Live goats;UNCTAD-SoP1_Raw materials_010420
Live fowls of species Gallus domesticus, weighi;UNCTAD-SoP1_Raw materials_010511
Live ducks, geese, turkeys and guinea fowls, we;UNCTAD-SoP1_Raw materials_010519
Live fowls of species Gallus domesticus (chicke;UNCTAD-SoP1_Raw materials_010591
Live ducks, geese, turkeys and guinea fowls, we;UNCTAD-SoP1_Raw materials_010599
Other live animals, nes;UNCTAD-SoP1_Raw materials_010600
Fresh or chilled bovine carcasses and half carc;UNCTAD-SoP1_Raw materials_020110
Fresh or chilled unboned bovine meat (excl. car;UNCTAD-SoP1_Raw materials_020120
Fresh or chilled boneless bovine meat;UNCTAD-SoP1_Raw materials_020130
Frozen bovine carcasses and half carcasses;UNCTAD-SoP1_Raw materials_020210
Frozen unboned bovine meat (excl. carcasses);UNCTAD-SoP1_Raw materials_020220
Frozen boneless bovine meat;UNCTAD-SoP1_Raw materials_020230
Fresh or chilled swine carcasses and half carca;UNCTAD-SoP1_Raw materials_020311
Fresh or chilled unboned hams, shoulders and cu;UNCTAD-SoP1_Raw materials_020312
Fresh or chilled swine meat, nes (unboned);UNCTAD-SoP1_Raw materials_020319
Frozen swine carcasses and half carcasses;UNCTAD-SoP1_Raw materials_020321
Frozen unboned hams, shoulders and cuts thereof;UNCTAD-SoP1_Raw materials_020322
Frozen swine meat, nes;UNCTAD-SoP1_Raw materials_020329
Fresh or chilled lamb carcasses and half carcas;UNCTAD-SoP1_Raw materials_020410
Fresh or chilled sheep carcasses and half carca;UNCTAD-SoP1_Raw materials_020421
Fresh or chilled unboned meat of sheep;UNCTAD-SoP1_Raw materials_020422
Fresh or chilled boneless meat of sheep;UNCTAD-SoP1_Raw materials_020423
Frozen lamb carcasses and half carcasses;UNCTAD-SoP1_Raw materials_020430
Frozen sheep carcasses and half carcasses (excl;UNCTAD-SoP1_Raw materials_020441
Frozen unboned meat of sheep;UNCTAD-SoP1_Raw materials_020442
Frozen boned meat of sheep;UNCTAD-SoP1_Raw materials_020443
Fresh, chilled or frozen goat meat;UNCTAD-SoP1_Raw materials_020450
Meat of horses, asses, mules or hinnies, fresh,;UNCTAD-SoP1_Raw materials_020500
Fresh or chilled edible bovine offal;UNCTAD-SoP1_Raw materials_020610
Frozen bovine tongues;UNCTAD-SoP1_Raw materials_020621
Frozen bovine livers;UNCTAD-SoP1_Raw materials_020622
Frozen edible bovine offal (excl. tongues and l;UNCTAD-SoP1_Raw materials_020629
Fresh or chilled edible swine offal;UNCTAD-SoP1_Raw materials_020630
Frozen swine livers;UNCTAD-SoP1_Raw materials_020641
Frozen edible swine offal (excl. livers);UNCTAD-SoP1_Raw materials_020649
Fresh or chilled edible offal of sheep, goats,;UNCTAD-SoP1_Raw materials_020680
Frozen edible offal of sheep, goats, horses...;UNCTAD-SoP1_Raw materials_020690
Fresh or chilled whole poultry;UNCTAD-SoP1_Raw materials_020710
Frozen whole chickens;UNCTAD-SoP1_Raw materials_020721
Frozen whole turkeys;UNCTAD-SoP1_Raw materials_020722
Frozen whole ducks, geese and guinea fowls;UNCTAD-SoP1_Raw materials_020723
Fresh or chilled fatty livers of geese or ducks;UNCTAD-SoP1_Raw materials_020731
Fresh or chilled poultry cuts and offal (excl.;UNCTAD-SoP1_Raw materials_020739
Frozen cuts and offal of chicken (excl. livers);UNCTAD-SoP1_Raw materials_020741
Frozen cuts and offal of turkey (excl. livers);UNCTAD-SoP1_Raw materials_020742
Frozen cuts and offal of geese, ducks and guine;UNCTAD-SoP1_Raw materials_020743
Frozen poultry livers;UNCTAD-SoP1_Raw materials_020750
Fresh, chilled or frozen meat and edible offal;UNCTAD-SoP1_Raw materials_020810
Fresh, chilled or frozen frogs' legs;UNCTAD-SoP1_Raw materials_020820
Fresh, chilled or frozen meat and edible offal,;UNCTAD-SoP1_Raw materials_020890
Pig and poultry fat, fresh, chilled, frozen, sa;UNCTAD-SoP2_Intermediate goods_020900
Unboned swine hams, shoulders and cuts thereof,;UNCTAD-SoP2_Intermediate goods_021011
Bellies and cuts thereof of swine, salted... or;UNCTAD-SoP2_Intermediate goods_021012
Meat of swine, salted... or smoked, nes;UNCTAD-SoP2_Intermediate goods_021019
Meat of bovine animals, salted... or smoked;UNCTAD-SoP2_Intermediate goods_021020
"Other meat, nes, salted... or smoked; flours an";UNCTAD-SoP2_Intermediate goods_021090
Live ornamental fish;UNCTAD-SoP1_Raw materials_030110
Live trout;UNCTAD-SoP1_Raw materials_030191
Live eels;UNCTAD-SoP1_Raw materials_030192
Live carp;UNCTAD-SoP1_Raw materials_030193
Other live fish;UNCTAD-SoP1_Raw materials_030199
Fresh or chilled trout;UNCTAD-SoP1_Raw materials_030211
Fresh or chilled Pacific, Atlantic and Danube s;UNCTAD-SoP1_Raw materials_030212
Fresh or chilled salmonidae (excl. 0302.11 and;UNCTAD-SoP1_Raw materials_030219
Fresh or chilled halibut;UNCTAD-SoP1_Raw materials_030221
Fresh or chilled plaice;UNCTAD-SoP1_Raw materials_030222
Fresh or chilled sole;UNCTAD-SoP1_Raw materials_030223
Fresh or chilled flat fish (excl. halibut, plai;UNCTAD-SoP1_Raw materials_030229
Fresh or chilled albacore or longfinned tunas;UNCTAD-SoP1_Raw materials_030231
Fresh or chilled yellowfin tunas;UNCTAD-SoP1_Raw materials_030232
Fresh or chilled skipjack or stripe-bellied bon;UNCTAD-SoP1_Raw materials_030233
Fresh or chilled tunas, nes;UNCTAD-SoP1_Raw materials_030239
Fresh or chilled herrings (excl. livers and roe;UNCTAD-SoP1_Raw materials_030240
Fresh or chilled cod (excl. livers and roes);UNCTAD-SoP1_Raw materials_030250
Fresh or chilled sardines, brisling or sparts;UNCTAD-SoP1_Raw materials_030261
Fresh or chilled haddock;UNCTAD-SoP1_Raw materials_030262
Fresh or chilled coalfish;UNCTAD-SoP1_Raw materials_030263
Fresh or chilled mackerel;UNCTAD-SoP1_Raw materials_030264
Fresh or chilled dogfish and other sharks;UNCTAD-SoP1_Raw materials_030265
Fresh or chilled eels;UNCTAD-SoP1_Raw materials_030266
Fresh or chilled fish, nes;UNCTAD-SoP1_Raw materials_030269
Fresh or chilled fish livers and roes;UNCTAD-SoP1_Raw materials_030270
Frozen Pacific salmon;UNCTAD-SoP1_Raw materials_030310
Frozen trout;UNCTAD-SoP1_Raw materials_030321
Frozen Atlantic and Danube salmon;UNCTAD-SoP1_Raw materials_030322
Frozen salmonidae (excl. Pacific, Atlantic, Dan;UNCTAD-SoP1_Raw materials_030329
Frozen halibut;UNCTAD-SoP1_Raw materials_030331
Frozen plaice;UNCTAD-SoP1_Raw materials_030332
Frozen sole;UNCTAD-SoP1_Raw materials_030333
Frozen flat fish (excl. halibut, plaice and sol;UNCTAD-SoP1_Raw materials_030339
Frozen albacore or longfinned tunas;UNCTAD-SoP1_Raw materials_030341
Frozen yellowfin tunas;UNCTAD-SoP1_Raw materials_030342
Frozen skipjack or stripe-bellied bonito;UNCTAD-SoP1_Raw materials_030343
Frozen tunas, nes;UNCTAD-SoP1_Raw materials_030349
Frozen herrings (excl. livers and roes);UNCTAD-SoP1_Raw materials_030350
Frozen cod (excl. livers and roes);UNCTAD-SoP1_Raw materials_030360
Frozen sardines, brisling or sprats;UNCTAD-SoP1_Raw materials_030371
Frozen haddock;UNCTAD-SoP1_Raw materials_030372
Frozen coalfish;UNCTAD-SoP1_Raw materials_030373
Frozen mackerel;UNCTAD-SoP1_Raw materials_030374
Frozen dogfish and sharks;UNCTAD-SoP1_Raw materials_030375
Frozen eels;UNCTAD-SoP1_Raw materials_030376
Frozen sea-bass;UNCTAD-SoP1_Raw materials_030377
Frozen hake;UNCTAD-SoP1_Raw materials_030378
Frozen fish, nes;UNCTAD-SoP1_Raw materials_030379
Frozen fish livers and roes;UNCTAD-SoP1_Raw materials_030380
Fresh or chilled fish fillets;UNCTAD-SoP1_Raw materials_030410
Frozen fish fillets;UNCTAD-SoP1_Raw materials_030420
Frozen fish meat (excl. fillets);UNCTAD-SoP1_Raw materials_030490
Dried cod, not smoked;UNCTAD-SoP2_Intermediate goods_030551
Dried fish, not smoked (excl. cod);UNCTAD-SoP2_Intermediate goods_030559
Herrings salted or in brine but not dried or sm;UNCTAD-SoP2_Intermediate goods_030561
Cod salted or in brine but not dried or smoked;UNCTAD-SoP2_Intermediate goods_030562
Anchovies salted or in brine but not dried or s;UNCTAD-SoP2_Intermediate goods_030563
Other fish salted or in brine but not dried or;UNCTAD-SoP2_Intermediate goods_030569
Frozen rock lobster and other sea crawfish;UNCTAD-SoP1_Raw materials_030611
Frozen lobsters;UNCTAD-SoP1_Raw materials_030612
Frozen shrimps and prawns;UNCTAD-SoP1_Raw materials_030613
Frozen crabs;UNCTAD-SoP1_Raw materials_030614
Frozen crustaceans,nes,including flours,meals &;UNCTAD-SoP1_Raw materials_030619
Rock lobster and other sea crawfish (excl. froz;UNCTAD-SoP2_Intermediate goods_030621
Lobsters (excl.frozen);UNCTAD-SoP2_Intermediate goods_030622
Shrimps and prawns (excl. frozen);UNCTAD-SoP2_Intermediate goods_030623
Crabs (excl.frozen);UNCTAD-SoP2_Intermediate goods_030624
Crustaceans not frozen,nes,includ.flours,meals,;UNCTAD-SoP2_Intermediate goods_030629
Oysters;UNCTAD-SoP1_Raw materials_030710
Scallops, live, fresh or chilled;UNCTAD-SoP1_Raw materials_030721
Scallops (excl. live, fresh or chilled);UNCTAD-SoP2_Intermediate goods_030729
Mussels, live, fresh or chilled;UNCTAD-SoP1_Raw materials_030731
Mussels (excl. live, fresh or chilled);UNCTAD-SoP2_Intermediate goods_030739
Cuttle fish and squid, live, fresh or chilled;UNCTAD-SoP1_Raw materials_030741
Cuttle fish and squid (excl. live, fresh or chi;UNCTAD-SoP2_Intermediate goods_030749
Octopus live, fresh or chilled;UNCTAD-SoP1_Raw materials_030751
Octopus (excl. live, fresh or chilled);UNCTAD-SoP2_Intermediate goods_030759
Snails other than sea snails;UNCTAD-SoP1_Raw materials_030760
Aquatic invertebrates, nes, live, fresh or chil;UNCTAD-SoP1_Raw materials_030791
Aquatic invertebrates,nes,includ.flours,meals,p;UNCTAD-SoP2_Intermediate goods_030799
Milk and cream of =<1% fat, not concentrated or;UNCTAD-SoP1_Raw materials_040110
Milk and cream of >1% but =<6% fat, not concent;UNCTAD-SoP1_Raw materials_040120
Milk and cream of >6% fat, not concentrated or;UNCTAD-SoP1_Raw materials_040130
Milk and cream in solid forms of =<1.5% fat;UNCTAD-SoP2_Intermediate goods_040210
Milk and cream in solid forms of >1.5% fat, uns;UNCTAD-SoP2_Intermediate goods_040221
Milk and cream in solid forms of >1.5% fat, swe;UNCTAD-SoP2_Intermediate goods_040229
Concentrated milk and cream, unsweetened (excl.;UNCTAD-SoP2_Intermediate goods_040291
Sweetened milk and cream (excl. in solid form);UNCTAD-SoP2_Intermediate goods_040299
Whey & modified whey, concentrated or not, or c;UNCTAD-SoP2_Intermediate goods_040410
Products consisting of natural milk constituent;UNCTAD-SoP2_Intermediate goods_040490
Birds' eggs, in shell, fresh, preserved or cook;UNCTAD-SoP1_Raw materials_040700
Dried egg yolks;UNCTAD-SoP2_Intermediate goods_040811
Egg yolks (excl. dried);UNCTAD-SoP2_Intermediate goods_040819
Dried birds' eggs, not in shell;UNCTAD-SoP2_Intermediate goods_040891
Birds' eggs, not in shell (excl. dried);UNCTAD-SoP2_Intermediate goods_040899
Natural honey;UNCTAD-SoP1_Raw materials_040900
Edible products of animal origin, nes;UNCTAD-SoP1_Raw materials_041000
Human hair and waste, unworked;UNCTAD-SoP1_Raw materials_050100
Pigs', hogs', or boars' bristles or hair;UNCTAD-SoP1_Raw materials_050210
Badger and other brush making hair;UNCTAD-SoP1_Raw materials_050290
Horsehair and waste;UNCTAD-SoP1_Raw materials_050300
Guts, bladders and stomachs of animals (excl. f;UNCTAD-SoP1_Raw materials_050400
"Raw feathers for stuffing; down";UNCTAD-SoP1_Raw materials_050510
Skins and parts of birds (excl. feathers for st;UNCTAD-SoP1_Raw materials_050590
Ossein and bones treated with acid;UNCTAD-SoP1_Raw materials_050610
Bones and horn-cores (excl. ossein...);UNCTAD-SoP1_Raw materials_050690
Ivory, its powder and waste, unworked;UNCTAD-SoP1_Raw materials_050710
Tortoise-shell, whalebone and whalebone-hair, e;UNCTAD-SoP1_Raw materials_050790
"Coral; shells of molluscs, crustaceans, unworke";UNCTAD-SoP1_Raw materials_050800
Natural sponges of animal origin;UNCTAD-SoP1_Raw materials_050900
"Ambergris, castoreum, civet and musk; cantharid";UNCTAD-SoP1_Raw materials_051000
Bovine semen;UNCTAD-SoP1_Raw materials_051110
"Products of fish, etc; dead animals of Chapter";UNCTAD-SoP1_Raw materials_051191
"Animal products, nes; dead animals of Chapter 1";UNCTAD-SoP1_Raw materials_051199
Dormant bulbs, tubers... rhizomes;UNCTAD-SoP1_Raw materials_060110
"Bulbs, tubers... rhizomes in growth or flower;";UNCTAD-SoP1_Raw materials_060120
Unrooted cuttings and slips;UNCTAD-SoP1_Raw materials_060210
Trees,shrubs,bushes,grafted or not,of kinds whi;UNCTAD-SoP1_Raw materials_060220
Rhododendrons and azaleas;UNCTAD-SoP1_Raw materials_060230
Roses;UNCTAD-SoP1_Raw materials_060240
Seed potatoes;UNCTAD-SoP1_Raw materials_070110
Other potatoes, fresh or chilled;UNCTAD-SoP1_Raw materials_070190
Tomatoes, fresh or chilled;UNCTAD-SoP1_Raw materials_070200
Onions and shallots, fresh or chilled;UNCTAD-SoP1_Raw materials_070310
Garlic, fresh or chilled;UNCTAD-SoP1_Raw materials_070320
Leeks and other alliaceous vegetables, nes;UNCTAD-SoP1_Raw materials_070390
Cauliflowers and headed broccoli, fresh or chil;UNCTAD-SoP1_Raw materials_070410
Brussels sprouts, fresh or chilled;UNCTAD-SoP1_Raw materials_070420
White and red cabbages, kohlrabi, kale...etc, f;UNCTAD-SoP1_Raw materials_070490
Cabbage lettuce, fresh or chilled;UNCTAD-SoP1_Raw materials_070511
Lettuce, fresh or chilled, (excl. cabbage lettu;UNCTAD-SoP1_Raw materials_070519
Witloof chicory, fresh or chilled;UNCTAD-SoP1_Raw materials_070521
Chicory, fresh or chilled, (excl. witloof);UNCTAD-SoP1_Raw materials_070529
Carrots and turnips, fresh or chilled;UNCTAD-SoP1_Raw materials_070610
Beetroot...radishes and other similar edible ro;UNCTAD-SoP1_Raw materials_070690
Cucumbers and gherkins, fresh or chilled;UNCTAD-SoP1_Raw materials_070700
Peas, fresh or chilled;UNCTAD-SoP1_Raw materials_070810
Beans, fresh or chilled;UNCTAD-SoP1_Raw materials_070820
Leguminous vegetables, fresh or chilled, nes;UNCTAD-SoP1_Raw materials_070890
Globe artichokes, fresh or chilled;UNCTAD-SoP1_Raw materials_070910
Asparagus, fresh or chilled;UNCTAD-SoP1_Raw materials_070920
Aubergines, fresh or chilled;UNCTAD-SoP1_Raw materials_070930
Celery, fresh or chilled;UNCTAD-SoP1_Raw materials_070940
Mushrooms, fresh or chilled;UNCTAD-SoP1_Raw materials_070951
Truffles, fresh or chilled;UNCTAD-SoP1_Raw materials_070952
Fruits of genus Capiscum or Pimenta, fresh or c;UNCTAD-SoP1_Raw materials_070960
Spinach, fresh or chilled;UNCTAD-SoP1_Raw materials_070970
Other vegetables, fresh or chilled, nes;UNCTAD-SoP1_Raw materials_070990
Potatoes, frozen;UNCTAD-SoP1_Raw materials_071010
Shelled or unshelled peas, frozen;UNCTAD-SoP1_Raw materials_071021
Shelled or unshelled beans, frozen;UNCTAD-SoP1_Raw materials_071022
Leguminous vegetables, shelled or unshelled, fr;UNCTAD-SoP1_Raw materials_071029
Spinach, frozen;UNCTAD-SoP1_Raw materials_071030
Sweet corn, frozen;UNCTAD-SoP1_Raw materials_071040
Vegetables, frozen, nes;UNCTAD-SoP1_Raw materials_071080
Mixtures of vegetables, frozen;UNCTAD-SoP1_Raw materials_071090
Onions provisionally preserved, not for immedia;UNCTAD-SoP2_Intermediate goods_071110
Olives provisionally preserved, not for immedia;UNCTAD-SoP2_Intermediate goods_071120
Capers provisionally preserved, not for immedia;UNCTAD-SoP2_Intermediate goods_071130
Cucumbers and gherkins provisionally preserved;UNCTAD-SoP2_Intermediate goods_071140
Other vegetables and  mixture of vegetables pro;UNCTAD-SoP2_Intermediate goods_071190
Dried potatoes;UNCTAD-SoP2_Intermediate goods_071210
Dried onions;UNCTAD-SoP2_Intermediate goods_071220
Dried mushrooms and truffles;UNCTAD-SoP2_Intermediate goods_071230
Dried vegetables, nes;UNCTAD-SoP2_Intermediate goods_071290
Dried peas, shelled;UNCTAD-SoP2_Intermediate goods_071310
Dried chickpeas, shelled;UNCTAD-SoP2_Intermediate goods_071320
Dried beans, shelled;UNCTAD-SoP2_Intermediate goods_071331
Dried adzuki beans, shelled;UNCTAD-SoP2_Intermediate goods_071332
Dried kidney beans, incl. white pea beans, shel;UNCTAD-SoP2_Intermediate goods_071333
Dried beans, shelled, nes;UNCTAD-SoP2_Intermediate goods_071339
Dried lentils, shelled;UNCTAD-SoP2_Intermediate goods_071340
Dried broad beans and horse beans, shelled;UNCTAD-SoP2_Intermediate goods_071350
Dried leguminous vegetables, shelled, nes;UNCTAD-SoP2_Intermediate goods_071390
Manioc, fresh or dried;UNCTAD-SoP1_Raw materials_071410
Sweet potatoes, fresh or dried;UNCTAD-SoP1_Raw materials_071420
Roots and tubers with high starch content, fres;UNCTAD-SoP1_Raw materials_071490
Coconuts, fresh or dried;UNCTAD-SoP1_Raw materials_080110
Brazil nuts, fresh or dried;UNCTAD-SoP1_Raw materials_080120
Cashew nuts, fresh or dried;UNCTAD-SoP1_Raw materials_080130
Almonds in shell, fresh or dried;UNCTAD-SoP1_Raw materials_080211
Almonds without shells, fresh or dried;UNCTAD-SoP1_Raw materials_080212
Hazlenuts in shell, fresh or dried;UNCTAD-SoP1_Raw materials_080221
Hazlenuts without shells, fresh or dried;UNCTAD-SoP1_Raw materials_080222
Walnuts in shell, fresh or dried;UNCTAD-SoP1_Raw materials_080231
Walnuts without shells, fresh or dried;UNCTAD-SoP1_Raw materials_080232
Chestnuts, fresh or dried;UNCTAD-SoP1_Raw materials_080240
Pistachio, fresh or dried;UNCTAD-SoP1_Raw materials_080250
Other nuts, fresh or dried, nes;UNCTAD-SoP1_Raw materials_080290
Bananas, including plantains, fresh or dried;UNCTAD-SoP1_Raw materials_080300
Dates, fresh or dried;UNCTAD-SoP1_Raw materials_080410
Figs, fresh or dried;UNCTAD-SoP1_Raw materials_080420
Pineapples, fresh or dried;UNCTAD-SoP1_Raw materials_080430
Avocados, fresh or dried;UNCTAD-SoP1_Raw materials_080440
Guavas, mangoes and mangosteens, fresh or dried;UNCTAD-SoP1_Raw materials_080450
Oranges, fresh or dried;UNCTAD-SoP1_Raw materials_080510
Mandarins, clementines, wilkings...etc, fresh o;UNCTAD-SoP1_Raw materials_080520
Lemons and limes, fresh or dried;UNCTAD-SoP1_Raw materials_080530
Grapefruit, fresh or dried;UNCTAD-SoP1_Raw materials_080540
Citrus fruit, fresh or dried, nes;UNCTAD-SoP1_Raw materials_080590
Fresh grapes;UNCTAD-SoP1_Raw materials_080610
Dried grapes;UNCTAD-SoP1_Raw materials_080620
Melons and watermelons, fresh;UNCTAD-SoP1_Raw materials_080710
Papaws (papayas), fresh;UNCTAD-SoP1_Raw materials_080720
Apples, fresh;UNCTAD-SoP1_Raw materials_080810
Pears and quinces, fresh;UNCTAD-SoP1_Raw materials_080820
Apricots, fresh;UNCTAD-SoP1_Raw materials_080910
Cherries, fresh;UNCTAD-SoP1_Raw materials_080920
Peaches, including nectarines, fresh;UNCTAD-SoP1_Raw materials_080930
Plums and sloes, fresh;UNCTAD-SoP1_Raw materials_080940
Strawberries, fresh;UNCTAD-SoP1_Raw materials_081010
Raspberries, blackberries, mulberries and logan;UNCTAD-SoP1_Raw materials_081020
Black, white or red currants and gooseberries,;UNCTAD-SoP1_Raw materials_081030
Cranberries, milberries...etc, fresh;UNCTAD-SoP1_Raw materials_081040
Other fruit, fresh, nes;UNCTAD-SoP1_Raw materials_081090
Strawberries, frozen;UNCTAD-SoP1_Raw materials_081110
Raspberries, blackberries...etc, frozen;UNCTAD-SoP1_Raw materials_081120
Other fruit and nuts, frozen, nes;UNCTAD-SoP1_Raw materials_081190
Cherries, provisionally preserved, not for imme;UNCTAD-SoP1_Raw materials_081210
Strawberries, provisionally preserved, not for;UNCTAD-SoP1_Raw materials_081220
Fruit and nuts, provisionally preserved, not fo;UNCTAD-SoP1_Raw materials_081290
Dried apricots;UNCTAD-SoP1_Raw materials_081310
Dried prunes;UNCTAD-SoP1_Raw materials_081320
Dried apples;UNCTAD-SoP1_Raw materials_081330
Other dried fruit, nes;UNCTAD-SoP1_Raw materials_081340
Mixtures of dried fruit and nuts, nes;UNCTAD-SoP1_Raw materials_081350
Peel of citrus fruit or melons, fresh, frozen,;UNCTAD-SoP1_Raw materials_081400
Coffee, not roasted or decaffeinated;UNCTAD-SoP1_Raw materials_090111
Decaffeinated coffee, not roasted;UNCTAD-SoP2_Intermediate goods_090112
Durum wheat;UNCTAD-SoP1_Raw materials_100110
Spelt, common wheat and meslin;UNCTAD-SoP1_Raw materials_100190
Rye;UNCTAD-SoP1_Raw materials_100200
Barley;UNCTAD-SoP1_Raw materials_100300
Oats;UNCTAD-SoP1_Raw materials_100400
Maize seed;UNCTAD-SoP1_Raw materials_100510
Maize (excl. seed);UNCTAD-SoP1_Raw materials_100590
Rice in the husk (paddy or rough);UNCTAD-SoP1_Raw materials_100610
Husked (brown) rice;UNCTAD-SoP1_Raw materials_100620
Grain sorghum;UNCTAD-SoP1_Raw materials_100700
Buckwheat;UNCTAD-SoP1_Raw materials_100810
Millet;UNCTAD-SoP1_Raw materials_100820
Canary seed;UNCTAD-SoP1_Raw materials_100830
Other cereal, nes;UNCTAD-SoP1_Raw materials_100890
Wheat or meslin flour;UNCTAD-SoP2_Intermediate goods_110100
Rye flour;UNCTAD-SoP2_Intermediate goods_110210
Maize (corn) flour;UNCTAD-SoP2_Intermediate goods_110220
Rice flour;UNCTAD-SoP2_Intermediate goods_110230
Other cereal flour, nes;UNCTAD-SoP2_Intermediate goods_110290
Groats and meal of wheat;UNCTAD-SoP2_Intermediate goods_110311
Groats and meal of oats;UNCTAD-SoP2_Intermediate goods_110312
Groats and meal of maize (corn);UNCTAD-SoP2_Intermediate goods_110313
Groats and meal of rice;UNCTAD-SoP2_Intermediate goods_110314
Groats and meal of other cereals, nes;UNCTAD-SoP2_Intermediate goods_110319
Wheat pellets;UNCTAD-SoP2_Intermediate goods_110321
Pellets of other cereals (excl. wheat);UNCTAD-SoP2_Intermediate goods_110329
Rolled or flaked barley grains;UNCTAD-SoP2_Intermediate goods_110411
Rolled or flaked oat grains;UNCTAD-SoP2_Intermediate goods_110412
Rolled or flaked grains of other cereals, nes;UNCTAD-SoP2_Intermediate goods_110419
Other worked grains of barley, nes;UNCTAD-SoP2_Intermediate goods_110421
Other worked grains of oats, nes;UNCTAD-SoP2_Intermediate goods_110422
Other worked grains of maize (corn), nes;UNCTAD-SoP2_Intermediate goods_110423
Other worked grains of other cereals, nes;UNCTAD-SoP2_Intermediate goods_110429
Cereal germ, whole, rolled, flaked or ground;UNCTAD-SoP2_Intermediate goods_110430
Potato flour and meal;UNCTAD-SoP2_Intermediate goods_110510
Potato flakes, granules and pellets;UNCTAD-SoP2_Intermediate goods_110520
Flour and meal of the dried leguminous vegetabl;UNCTAD-SoP2_Intermediate goods_110610
Flour and meal of sago, roots or tubers of 0714;UNCTAD-SoP2_Intermediate goods_110620
Flour, meal and powder of products of Chapter 8;UNCTAD-SoP2_Intermediate goods_110630
Malt not roasted;UNCTAD-SoP2_Intermediate goods_110710
Roasted malt;UNCTAD-SoP2_Intermediate goods_110720
Wheat starch;UNCTAD-SoP2_Intermediate goods_110811
Maize (corn) starch;UNCTAD-SoP2_Intermediate goods_110812
Potato starch;UNCTAD-SoP2_Intermediate goods_110813
Manioc (cassava) starch;UNCTAD-SoP2_Intermediate goods_110814
Other starches, nes;UNCTAD-SoP2_Intermediate goods_110819
Inulin;UNCTAD-SoP2_Intermediate goods_110820
Wheat gluten;UNCTAD-SoP2_Intermediate goods_110900
Soya beans;UNCTAD-SoP1_Raw materials_120100
Ground-nuts in shell, not roasted or otherwise;UNCTAD-SoP1_Raw materials_120210
Shelled ground-nuts, not roasted or otherwise c;UNCTAD-SoP1_Raw materials_120220
Copra;UNCTAD-SoP1_Raw materials_120300
Linseed;UNCTAD-SoP1_Raw materials_120400
Rape or colza seeds;UNCTAD-SoP1_Raw materials_120500
Sunflower seeds;UNCTAD-SoP1_Raw materials_120600
Palm nuts and kernels;UNCTAD-SoP1_Raw materials_120710
Cotton seeds;UNCTAD-SoP1_Raw materials_120720
Castor oil seeds;UNCTAD-SoP1_Raw materials_120730
Sesamum seeds;UNCTAD-SoP1_Raw materials_120740
Mustard seeds;UNCTAD-SoP1_Raw materials_120750
Safflower seeds;UNCTAD-SoP1_Raw materials_120760
Poppy seeds;UNCTAD-SoP1_Raw materials_120791
Shea nuts (karite nuts);UNCTAD-SoP1_Raw materials_120792
Other oil seeds and oleaginous fruits, nes;UNCTAD-SoP1_Raw materials_120799
Soya bean flour and meal;UNCTAD-SoP2_Intermediate goods_120810
Other flours and meal of oil seeds or oleaginou;UNCTAD-SoP2_Intermediate goods_120890
Sugar beet seed, of a kind used for sowing;UNCTAD-SoP1_Raw materials_120911
Beet seed, of a kind used for sowing, (excl. su;UNCTAD-SoP1_Raw materials_120919
Lucerne (alfalfa) seed, of a kind used for sowi;UNCTAD-SoP1_Raw materials_120921
Clover seed, of a kind used for sowing;UNCTAD-SoP1_Raw materials_120922
Fescue seed, of a kind used for sowing;UNCTAD-SoP1_Raw materials_120923
Kentucky blue grass seed, of a kind used for so;UNCTAD-SoP1_Raw materials_120924
Rye grass seed, of a kind used for sowing;UNCTAD-SoP1_Raw materials_120925
Timothy grass seed, of a kind used for sowing;UNCTAD-SoP1_Raw materials_120926
Other seeds of forage plants, of a kind used fo;UNCTAD-SoP1_Raw materials_120929
Seeds of herbaceous plants, of a kind used for;UNCTAD-SoP1_Raw materials_120930
Vegetable seed, of a kind used for sowing;UNCTAD-SoP1_Raw materials_120991
Other seeds, fruit and spores, of a kind used f;UNCTAD-SoP1_Raw materials_120999
Hop cones (excl. ground, powdered or pellets),;UNCTAD-SoP1_Raw materials_121010
"Hop cones, ground, powdered or in pellets; lupu";UNCTAD-SoP1_Raw materials_121020
Liquorice roots, of a kind used in perfumery, p;UNCTAD-SoP1_Raw materials_121110
Ginseng roots, of a kind used in perfumery, pha;UNCTAD-SoP1_Raw materials_121120
Other plants or parts, of a kind used in perfum;UNCTAD-SoP1_Raw materials_121190
Locust beans (incl. locust bean seeds), fresh o;UNCTAD-SoP1_Raw materials_121210
Seaweeds and other algae used for human consump;UNCTAD-SoP1_Raw materials_121220
Apricot, peach or plum stones and kernels used;UNCTAD-SoP1_Raw materials_121230
Sugar beet, fresh or dried;UNCTAD-SoP1_Raw materials_121291
Sugar cane, fresh or dried;UNCTAD-SoP1_Raw materials_121292
Vegetable products used primarily for human con;UNCTAD-SoP1_Raw materials_121299
Cereal straw and husks;UNCTAD-SoP1_Raw materials_121300
Lucerne (alfalfa) meal and pellets;UNCTAD-SoP1_Raw materials_121410
Other forage products, nes;UNCTAD-SoP1_Raw materials_121490
Lac;UNCTAD-SoP1_Raw materials_130110
Natural Gum Arabic;UNCTAD-SoP1_Raw materials_130120
Natural gums, resins, gum-resins and balsams (e;UNCTAD-SoP1_Raw materials_130190
Opium;UNCTAD-SoP1_Raw materials_130211
Liquorice sap and extract;UNCTAD-SoP1_Raw materials_130212
Hop extract;UNCTAD-SoP1_Raw materials_130213
Sap and extract of pryrethrum and roots of plan;UNCTAD-SoP1_Raw materials_130214
Other vegetable saps and extracts, nes;UNCTAD-SoP1_Raw materials_130219
Pectic substances, pectinates and pectates;UNCTAD-SoP1_Raw materials_130220
Agar-agar;UNCTAD-SoP1_Raw materials_130231
Mucilages and thickeners of locust beans, bean;UNCTAD-SoP1_Raw materials_130232
Mucilages and thickeners, derived from vegetabl;UNCTAD-SoP1_Raw materials_130239
Bamboos;UNCTAD-SoP1_Raw materials_140110
Rattans;UNCTAD-SoP1_Raw materials_140120
Vegetable materials for plaiting, (excl. bamboo;UNCTAD-SoP1_Raw materials_140190
Kapok;UNCTAD-SoP1_Raw materials_140210
Vegetable hair;UNCTAD-SoP1_Raw materials_140291
Vegetable materials for stuffing or padding, ne;UNCTAD-SoP1_Raw materials_140299
Broomcorn;UNCTAD-SoP1_Raw materials_140310
Vegetable materials primarily for brooms or bru;UNCTAD-SoP1_Raw materials_140390
Raw vegetable materials primarily for dyeing or;UNCTAD-SoP1_Raw materials_140410
Cotton linters;UNCTAD-SoP1_Raw materials_140420
Vegetable products, nes;UNCTAD-SoP1_Raw materials_140490
Lard, other pig fat and poultry fat, rendered;UNCTAD-SoP2_Intermediate goods_150100
Fats of bovine animals, sheep or goats, raw or;UNCTAD-SoP2_Intermediate goods_150200
Lard stearin, lardoil, oleostearin, oleo-oil an;UNCTAD-SoP2_Intermediate goods_150300
Fish-liver oils and their fractions;UNCTAD-SoP2_Intermediate goods_150410
Fish fats, oils and fractions (excl. fish liver;UNCTAD-SoP2_Intermediate goods_150420
Marine mammal fats, oils and their liquid fract;UNCTAD-SoP2_Intermediate goods_150430
Crude wool grease;UNCTAD-SoP2_Intermediate goods_150510
Fatty substances of crude wool grease (incl. la;UNCTAD-SoP2_Intermediate goods_150590
Other animal fats and oils and their fractions;UNCTAD-SoP2_Intermediate goods_150600
Crude soya-bean oil;UNCTAD-SoP2_Intermediate goods_150710
Crude ground-nut oil;UNCTAD-SoP2_Intermediate goods_150810
Virgin olive oil and fractions;UNCTAD-SoP2_Intermediate goods_150910
Crude palm oil;UNCTAD-SoP2_Intermediate goods_151110
Crude sunflower-seed and safflower oil and frac;UNCTAD-SoP2_Intermediate goods_151211
Crude cotton-seed oil, whether or not gossypol;UNCTAD-SoP2_Intermediate goods_151221
Crude coconut (copra) oil and fractions thereof;UNCTAD-SoP2_Intermediate goods_151311
Crude palm kernel or babassu oil and fractions;UNCTAD-SoP2_Intermediate goods_151321
Crude rape, colza or mustard oil and fractions;UNCTAD-SoP2_Intermediate goods_151410
Crude linseed oil;UNCTAD-SoP2_Intermediate goods_151511
Crude maize (corn) oil;UNCTAD-SoP2_Intermediate goods_151521
Castor oil and its fractions;UNCTAD-SoP2_Intermediate goods_151530
Tung oil and its fractions;UNCTAD-SoP2_Intermediate goods_151540
Sesame oil and fractions;UNCTAD-SoP2_Intermediate goods_151550
Jojoba oil and fractions;UNCTAD-SoP2_Intermediate goods_151560
Animal fats and oils and fractions, hydrogenate;UNCTAD-SoP2_Intermediate goods_151610
Vegetable fats and oils and their fractions, hy;UNCTAD-SoP2_Intermediate goods_151620
Animal or vegetable fats and oils... chemically;UNCTAD-SoP2_Intermediate goods_151800
"Indus.monocarboxylic fatty acids;acid oils from";UNCTAD-SoP2_Intermediate goods_151911
"Indus.monocarboxylic fatty acids;acid oils from";UNCTAD-SoP2_Intermediate goods_151912
"Indus.monocarbox.fatty acids;acid oils from ref";UNCTAD-SoP2_Intermediate goods_151913
"Industrial monocarboxylic fatty acids;acid oils";UNCTAD-SoP2_Intermediate goods_151919
Industrial fatty alcohols;UNCTAD-SoP2_Intermediate goods_151920
Glycerol (glycerine), crude, glycerol waters an;UNCTAD-SoP2_Intermediate goods_152010
Glycerol (excl. crude), including synthetic;UNCTAD-SoP2_Intermediate goods_152090
Vegetable waxes (excl. triglycerides);UNCTAD-SoP2_Intermediate goods_152110
Beeswax, other insect waxes and spermaceti;UNCTAD-SoP2_Intermediate goods_152190
"Degras; residues of fatty substances or animal";UNCTAD-SoP1_Raw materials_152200
Extracts and juices of meat, fish and aquatic i;UNCTAD-SoP2_Intermediate goods_160300
Raw cane sugar, in solid form;UNCTAD-SoP2_Intermediate goods_170111
Raw beet sugar, in solid form;UNCTAD-SoP2_Intermediate goods_170112
Maple sugar and maple syrup;UNCTAD-SoP2_Intermediate goods_170220
Glucose and glucose syrup, containing <20% fruc;UNCTAD-SoP2_Intermediate goods_170230
Glucose and glucose syrup, containing >=20% but;UNCTAD-SoP2_Intermediate goods_170240
Chemically pure fructose;UNCTAD-SoP2_Intermediate goods_170250
Other fructose and fructose syrup, containing >;UNCTAD-SoP2_Intermediate goods_170260
Artificial honey, caramel and other sugars (inc;UNCTAD-SoP2_Intermediate goods_170290
Cane molasses resulting from the extraction or;UNCTAD-SoP2_Intermediate goods_170310
Molasses resulting from the extraction or refin;UNCTAD-SoP2_Intermediate goods_170390
Cocoa beans, whole or broken, raw or roasted;UNCTAD-SoP1_Raw materials_180100
Cocoa shells, husks, skins and other cocoa wast;UNCTAD-SoP2_Intermediate goods_180200
Cocoa paste, not defatted;UNCTAD-SoP2_Intermediate goods_180310
Cocoa paste, wholly or partly defatted;UNCTAD-SoP2_Intermediate goods_180320
Cocoa butter, fat and oil;UNCTAD-SoP2_Intermediate goods_180400
Cocoa powder, not containing added sugar or oth;UNCTAD-SoP2_Intermediate goods_180500
Tapioca and substitutes prepared from starch in;UNCTAD-SoP2_Intermediate goods_190300
Other grape must, nes;UNCTAD-SoP2_Intermediate goods_220430
Undenatured ethyl alcohol, of alcoholic strengt;UNCTAD-SoP2_Intermediate goods_220710
Ethyl alcohol and other denatured spirits of an;UNCTAD-SoP2_Intermediate goods_220720
Flours, meats and pellets, of meat unfit for hu;UNCTAD-SoP2_Intermediate goods_230110
Flours, meals and pellets of fish, etc, unfit f;UNCTAD-SoP2_Intermediate goods_230120
Brans, sharps and other residues of maize;UNCTAD-SoP1_Raw materials_230210
Brans, sharps and other residues of rice;UNCTAD-SoP1_Raw materials_230220
Brans, sharps and other residues of wheat;UNCTAD-SoP1_Raw materials_230230
Brans, sharps and other residues of other cerea;UNCTAD-SoP1_Raw materials_230240
Brans, sharps and other residues of leguminous;UNCTAD-SoP1_Raw materials_230250
Residues from manufacture of starch and similar;UNCTAD-SoP1_Raw materials_230310
Beet pulp, bagasse and other waste of sugar man;UNCTAD-SoP1_Raw materials_230320
Brewing or distilling dregs and waste;UNCTAD-SoP1_Raw materials_230330
Oil-cake and other solid residues, of soya-bean;UNCTAD-SoP2_Intermediate goods_230400
Oil-cake and other solid residues, of ground-nu;UNCTAD-SoP2_Intermediate goods_230500
Oil-cake and other solid residues of cotton see;UNCTAD-SoP2_Intermediate goods_230610
Oil-cake and other solid residues of linseed;UNCTAD-SoP2_Intermediate goods_230620
Oil-cake and other solid residues of sunflower;UNCTAD-SoP2_Intermediate goods_230630
Oil-cake and other solid residues of rape or co;UNCTAD-SoP2_Intermediate goods_230640
Oil-cake and other solid residues of coconut or;UNCTAD-SoP2_Intermediate goods_230650
Oil-cake and other solid residues of palm nuts;UNCTAD-SoP2_Intermediate goods_230660
Oil-cake and residues, of other vegetable fats;UNCTAD-SoP2_Intermediate goods_230690
"Wine lees; argol";UNCTAD-SoP2_Intermediate goods_230700
Acorns and horse-chestnuts, for animal feeding;UNCTAD-SoP1_Raw materials_230810
Other vegetable materials, waste, residues, etc;UNCTAD-SoP1_Raw materials_230890
Essential oils of bergamot (incl. concretes and;UNCTAD-SoP2_Intermediate goods_330111
Essential oils of orange (incl. concretes and a;UNCTAD-SoP2_Intermediate goods_330112
Essential oils of lemon (incl. concretes and ab;UNCTAD-SoP2_Intermediate goods_330113
Essential oils of lime (incl. concretes and abs;UNCTAD-SoP2_Intermediate goods_330114
Essential oils of citrus fruit (incl. concretes;UNCTAD-SoP2_Intermediate goods_330119
Essential oils of geranium (incl. concretes and;UNCTAD-SoP2_Intermediate goods_330121
Essential oils of jasmin (incl. concretes and a;UNCTAD-SoP2_Intermediate goods_330122
Essential oils of lavender or lavandin (incl. c;UNCTAD-SoP2_Intermediate goods_330123
Essential oils of peppermint (incl. concretes a;UNCTAD-SoP2_Intermediate goods_330124
Essential oils of mints (incl. concretes and ab;UNCTAD-SoP2_Intermediate goods_330125
Essential oils of vetiver (incl. concretes and;UNCTAD-SoP2_Intermediate goods_330126
Essential oils (incl. concretes and absolutes),;UNCTAD-SoP2_Intermediate goods_330129
Resinoids;UNCTAD-SoP2_Intermediate goods_330130
Concentrates of essential oils in fats... aqueo;UNCTAD-SoP2_Intermediate goods_330190
Mixtures of odoriferous substances, for the foo;UNCTAD-SoP2_Intermediate goods_330210
Mixtures of odoriferous substances, as raw mate;UNCTAD-SoP2_Intermediate goods_330290
Artificial waxes of chemically modified lignite;UNCTAD-SoP2_Intermediate goods_340410
Artificial waxes of polyethylene glycol;UNCTAD-SoP2_Intermediate goods_340420
Artificial waxes and prepared waxes, nes;UNCTAD-SoP2_Intermediate goods_340490
Casein;UNCTAD-SoP2_Intermediate goods_350110
"Caseinates and other casein derivatives; casein";UNCTAD-SoP2_Intermediate goods_350190
Egg albumin;UNCTAD-SoP2_Intermediate goods_350210
Albumins (excl. egg albumin), albuminates and o;UNCTAD-SoP2_Intermediate goods_350290
"Gelatin and derivatives; isinglass; glues of an";UNCTAD-SoP2_Intermediate goods_350300
Peptones/protein substances and derivatives, ne;UNCTAD-SoP2_Intermediate goods_350400
Rennet and concentrates thereof;UNCTAD-SoP2_Intermediate goods_350710
"Enzymes; prepared enzymes (not elsewhere specif";UNCTAD-SoP2_Intermediate goods_350790
